Tokyo,Japan
Jakarta,Indonesia
Delhi,India
Manila,Philippines
Sao Paulo,Brazil
Seoul,South Korea
Mumbai,India
Shanghai,China
Mexico City,Mexico
Guangzhou,China
Cairo,Egypt
Beijing,China
New York,United States
Kolkata,India
Moscow,Russia
Bangkok,Thailand
Dhaka,Bangladesh
Buenos Aires,Argentina
Osaka,Japan
Lagos,Nigeria
Istanbul,Turkey
Karachi,Pakistan
Kinshasa,Congo (Kinshasa)
Shenzhen,China
Bangalore,India
Ho Chi Minh City,Vietnam
Tehran,Iran
Los Angeles,United States
Rio de Janeiro,Brazil
Chengdu,China
Baoding,China
Chennai,India
Lahore,Pakistan
London,United Kingdom
Paris,France
Tianjin,China
Linyi,China
Shijiazhuang,China
Zhengzhou,China
Nanyang,China
Hyderabad,India
Wuhan,China
Handan,China
Nagoya,Japan
Weifang,China
Lima,Peru
Zhoukou,China
Luanda,Angola
Ganzhou,China
Tongshan,China
Kuala Lumpur,Malaysia
Chicago,United States
Heze,China
Chongqing,China
Hanoi,Vietnam
Fuyang,China
Changsha,China
Dongguan,China
Jining,China
Jinan,China
Pune,India
Foshan,China
Bogota,Colombia
Ahmedabad,India
Nanjing,China
Changchun,China
Tangshan,China
Cangzhou,China
Dar es Salaam,Tanzania
Hefei,China
Hong Kong,Hong Kong
Shaoyang,China
Zhanjiang,China
Shangqiu,China
Nantong,China
Yancheng,China
Nanning,China
Hengyang,China
Zhumadian,China
Shenyang,China
Xingtai,China
Xi'an,China
Santiago,Chile
Yantai,China
Riyadh,Saudi Arabia
Luoyang,China
Kunming,China
Shangrao,China
Hangzhou,China
Bijie,China
Quanzhou,China
Miami,United States
Wuxi,China
Huanggang,China
Maoming,China
Nanchong,China
Zunyi,China
Qujing,China
Baghdad,Iraq
Xinyang,China
Jieyang,China
Khartoum,Sudan
Madrid,Spain
Allahabad,India
Yulin,China
Changde,China
Liaocheng,China
Qingdao,China
Dallas,United States
Nangandao,China
Xiangyang,China
Philadelphia,United States
Giza,Egypt
Lu'an,China
Zhaotong,China
Yichun,China
Dezhou,China
Nairobi,Kenya
Nanchang,China
Tai'an,China
Dazhou,China
Houston,United States
Guadalajara,Mexico
Yongzhou,China
Atlanta,United States
Rangoon,Myanmar
Toronto,Canada
Suihua,China
Saint Petersburg,Russia
Washington,United States
Qiqihar,China
Suzhou,China
Shantou,China
Weinan,China
Changzhou,China
Singapore,Singapore
Fuzhou,China
Pudong,China
Belo Horizonte,Brazil
Zhangzhou,China
Yuncheng,China
Suzhou,China
Xianyang,China
Guilin,China
Taizhou,China
Abidjan,Côte d'Ivoire
Huaihua,China
Ji'an,China
Xiaoganzhan,China
Pingdingshan,China
Jiujiang,China
Surat,India
Guiyang,China
Alexandria,Egypt
Bozhou,China
Sydney,Australia
Huizhou,China
Huai'an,China
Chenzhou,China
Barcelona,Spain
Anqing,China
Suqian,China
Boston,United States
Jiangmen,China
Mianyang,China
Harbin,China
Huanglongsi,China
Melbourne,Australia
Zibo,China
Dalian,China
Hengshui,China
Yibin,China
Yangzhou,China
Timbio,Colombia
Johannesburg,South Africa
Yiyang,China
Guigang,China
Xinpu,China
Meizhou,China
Casablanca,Morocco
Langfang,China
Zhangjiakou,China
Chifeng,China
Linfen,China
Jiangguanchi,China
Kabul,Afghanistan
Phoenix,United States
Luzhou,China
Taiyuan,China
Zhaoqing,China
Xiaoxita,China
Xiamen,China
Fuzhou,China
Liuzhou,China
Zhuzhou,China
Amman,Jordan
Jeddah,Saudi Arabia
Chuzhou,China
Loudi,China
Deyang,China
Qingyuan,China
Kano,Nigeria
Wuhu,China
Seattle,United States
Yokohama,Japan
Binzhou,China
Baojishi,China
Zaozhuang,China
Neijiang,China
Baicheng,China
Berlin,Germany
Anshan,China
Lanzhou,China
Puyang,China
San Francisco,United States
Jiaozuo,China
Hechi,China
Montreal,Canada
Detroit,United States
Chengde,China
Busan,South Korea
Algiers,Algeria
Hanzhong,China
Shiyan,China
Lucknow,India
Siping,China
Yulinshi,China
Changzhi,China
Qinzhou,China
Bazhou,China
Qincheng,China
Zhongshan,China
Suining,China
Leshan,China
San Diego,United States
Faisalabad,Pakistan
Guang'an,China
Tongren,China
Bengbu,China
Santa Cruz,Bolivia
Qinhuangdao,China
Tongliao,China
Jinzhou,China
Zhenjiang,China
Urumqi,China
Heyuan,China
Jaipur,India
Xinzhou,China
Wuzhou,China
Addis Ababa,Ethiopia
Chaoyang,China
Brasilia,Brazil
Mashhad,Iran
Shaoguan,China
Kuwait City,Kuwait
Shanwei,China
Quezon City,Philippines
Minneapolis,United States
Kyiv,Ukraine
Sanaa,Yemen
Meishan,China
Incheon,South Korea
Ningde,China
Tampa,United States
Daqing,China
Putian,China
Bandung,Indonesia
Surabaya,Indonesia
Salvador,Brazil
Denver,United States
La Paz,Bolivia
Hohhot,China
Xiangtan,China
Weihai,China
Rizhao,China
Mudanjiang,China
Tieling,China
Cawnpore,India
Dingxi,China
Nanping,China
Zigong,China
Chaozhou,China
Baotou,China
Gulou,China
Longyan,China
Ankang,China
Baoshan,China
Huludao,China
Yanjiang,China
Chattogram,Bangladesh
Sanming,China
Longba,China
Brooklyn,United States
Yangjiang,China
Jiamusi,China
Ibadan,Nigeria
Luohe,China
Lincang,China
Medellin,Colombia
Xuanzhou,China
Yunfu,China
Mirzapur,India
Guangyuan,China
Cali,Colombia
Huangshi,China
Daegu,South Korea
Fortaleza,Brazil
Jilin,China
Dandong,China
Lianshan,China
Yingkou,China
Nagpur,India
Omdurman,Sudan
Bekasi,Indonesia
Ghaziabad,India
Yuxi,China
Brisbane,Australia
Anshun,China
Depok,Indonesia
Shangzhou,China
Huainan,China
Kuaidamao,China
Fukuoka,Japan
Jincheng,China
Vancouver,Canada
Tangerang,Indonesia
Sanmenxia,China
Laibin,China
Queens,United States
Qinbaling,China
Xining,China
Ma'anshan,China
Yan'an,China
Gaoping,China
Ningbo,China
Puning,China
Medan,Indonesia
Huaibei,China
Qingyang,China
Riverside,United States
Baltimore,United States
Haiphong,Vietnam
Las Vegas,United States
Chongzuo,China
Rawalpindi,Pakistan
Portland,United States
Vadodara,India
Hezhou,China
Pingliang,China
San Antonio,United States
Perth,Australia
Vishakhapatnam,India
Shengli,China
Gujranwala,Pakistan
Baicheng,China
Fushun,China
St. Louis,United States
Indore,India
Yinchuan,China
Kananga,Congo (Kinshasa)
Peshawar,Pakistan
Sapporo,Japan
Esfahan,Iran
Pingxiang,China
Tijuana,Mexico
Thane,India
Sacramento,United States
Zhuhai,China
Curitiba,Brazil
Multan,Pakistan
Xiping,China
Ecatepec,Mexico
Jixi,China
Saidu Sharif,Pakistan
Liaoyang,China
Hamburg,Germany
Meru,Kenya
Orlando,United States
Fuxin,China
Wuwei,China
Manaus,Brazil
Bhopal,India
San Jose,United States
Lubumbashi,Congo (Kinshasa)
Davao,Philippines
Haikou,China
Shuyangzha,China
Hyderabad City,Pakistan
Shuozhou,China
Cleveland,United States
Benxi,China
Baiyin,China
Pittsburgh,United States
Patna,India
Mosul,Iraq
Caloocan City,Philippines
Austin,United States
Sanzhou,China
Beihai,China
Mecca,Saudi Arabia
Heihe,China
Jingdezhen,China
Cincinnati,United States
Recife,Brazil
Yushan,China
Kansas City,United States
Manhattan,United States
Bilaspur,India
Semarang,Indonesia
Ludhiana,India
Novosibirsk,Russia
Chengtangcun,China
Agra,India
Karaj,Iran
Wenzhou,China
Indianapolis,United States
Leon de los Aldama,Mexico
Puebla,Mexico
Kalyan,India
Madurai,India
Mbuji-Mayi,Congo (Kinshasa)
Hebi,China
Shiraz,Iran
Jamshedpur,India
Columbus,United States
Tabriz,Iran
Kawasaki,Japan
Aba,Nigeria
Palembang,Indonesia
Zhangjiajie,China
Kobe,Japan
Charlotte,United States
Changshu,China
Lianjiang,China
Ximeicun,China
Jianguang,China
Yucheng,China
Belem,Brazil
Guiping,China
Leizhou,China
Gwangju,South Korea
Munich,Germany
Nasik,India
Porto Alegre,Brazil
Onitsha,Nigeria
Virginia Beach,United States
Daejeon,South Korea
Zapopan,Mexico
Yekaterinburg,Russia
Huazhou,China
Kyoto,Japan
Shuangyashan,China
Pizhou,China
El Kelaa des Srarhna,Morocco
Kharkiv,Ukraine
Yangshe,China
Guyuan,China
Khulna,Bangladesh
Bronx,United States
Gaozhou,China
Chizhou,China
Faridabad,India
Goiania,Brazil
Fuqing,China
Pingdu,China
Aurangabad,India
Yutan,China
Milwaukee,United States
Huangshan,China
Makassar,Indonesia
Rajkot,India
Liangshi,China
Cordoba,Argentina
Guarulhos,Brazil
Al Basrah,Iraq
Saitama,Japan
Juarez,Mexico
Xintai,China
Wusong,China
Meerut,India
Yushu,China
Rongcheng,China
Huazhou,China
Yangquan,China
Adelaide,Australia
Baishan,China
Dayan,China
Haicheng,China
Jiangyin,China
Huaiyin,China
Wuzhong,China
Cacuaco,Angola
Barranquilla,Colombia
Soweto,South Africa
Jabalpur,India
Rucheng,China
Nizhniy Novgorod,Russia
Shaoyang,China
Dhanbad,India
Laiwu,China
Jingling,China
Kazan,Russia
Suwon,South Korea
Yongcheng,China
Calgary,Canada
Can Tho,Vietnam
Abuja,Nigeria
Mandalay,Myanmar
Beidao,China
Xiangshui,China
Dadukou,China
Vila Velha,Brazil
Chelyabinsk,Russia
Mombasa,Kenya
Providence,United States
Varanasi,India
Qom,Iran
Zhangye,China
Hiroshima,Japan
Maiduguri,Nigeria
Rosario,Argentina
Xinyu,China
Ahvaz,Iran
Jacksonville,United States
Medina,Saudi Arabia
Srinagar,India
Omsk,Russia
Liaoyuan,China
Cilacap,Indonesia
Yingtan,China
Bandar Lampung,Indonesia
Samara,Russia
Guankou,China
Ulsan,South Korea
Dingzhou,China
Campinas,Brazil
Lianyuan,China
Rongcheng,China
Kaiyuan,China
Nay Pyi Taw,Myanmar
Leiyang,China
Yichun,China
Benin City,Nigeria
Birmingham,United Kingdom
Xiantao,China
Amritsar,India
Callao,Peru
Monterrey,Mexico
Aligarh,India
Yingchuan,China
Ciudad Nezahualcoyotl,Mexico
Rostov,Russia
Guwahati,India
Ufa,Russia
Fes,Morocco
Bien Hoa,Vietnam
Ikare,Nigeria
Salt Lake City,United States
Bhilai,India
Haora,India
Xibeijie,China
Nezahualcoyotl,Mexico
Hanchuan,China
Gongzhuling,China
Krasnoyarsk,Russia
Cologne,Germany
Yicheng,China
Zhufeng,China
Sao Goncalo,Brazil
Nashville,United States
Vereeniging,South Africa
Richmond,United States
Sao Luis,Brazil
Ranchi,India
Taixing,China
Gwalior,India
Memphis,United States
Goyang,South Korea
Bezwada,India
Edmonton,Canada
Mizhou,China
Xishan,China
Ezhou,China
Sendai,Japan
Hegang,China
Mexicali,Mexico
Voronezh,Russia
Perm,Russia
Changwon,South Korea
Zhongwei,China
Shouguang,China
Bogor,Indonesia
Raleigh,United States
Cartagena,Colombia
Chandigarh,India
Jodhpur,India
Ogbomoso,Nigeria
Taizhou,China
Bagam,Indonesia
Shubra al Khaymah,Egypt
Maceio,Brazil
Wafangdian,China
Zhongxiang,China
Odesa,Ukraine
New Orleans,United States
Villahermosa,Mexico
Thu Duc,Vietnam
Volgograd,Russia
Mysore,India
Islamabad,Pakistan
Xinyi,China
Raipur,India
Arequipa,Peru
Port Harcourt,Nigeria
Louisville,United States
Zaoyang,China
Shuizhai,China
Xingyi,China
Kota,India
Quetta,Pakistan
Ottawa,Canada
Pretoria,South Africa
Winnipeg,Canada
Quebec City,Canada
Rabat,Morocco
Kitchener,Canada
Cape Town,South Africa
Dodoma,Tanzania
Halifax,Canada
Canberra,Australia
Yamoussoukro,Côte d'Ivoire
Victoria,Canada
Sucre,Bolivia
Bloemfontein,South Africa
New Delhi,India
Ankara,Turkey
Tifariti,Morocco
Bareilly,India
Quang Ha,Vietnam
Xingcheng,China
Dongtai,China
Al Mansurah,Egypt
Yingcheng,China
Chiba,Japan
Pekanbaru,Indonesia
Luocheng,China
Dnipro,Ukraine
Danyang,China
Natal,Brazil
Nada,China
Zamboanga City,Philippines
Kirkuk,Iraq
Wuchuan,China
Huilong,China
Oklahoma City,United States
Morelia,Mexico
Cebu City,Philippines
Shaoxing,China
Coimbatore,India
Setagaya,Japan
Songnam,South Korea
Taishan,China
Fangchenggang,China
Solapur,India
Tangier,Morocco
Anqiu,China
Feicheng,China
Kermanshah,Iran
Kitakyushu,Japan
Meishan,China
Khartoum North,Sudan
Kisangani,Congo (Kinshasa)
Aguascalientes,Mexico
Marrakech,Morocco
Donetsk,Ukraine
Trujillo,Peru
Taihe,China
Bridgeport,United States
Trichinopoly,India
Xin'an,China
Taihecun,China
Naucalpan de Juarez,Mexico
Owerri,Nigeria
Padang,Indonesia
Qingzhou,China
Buffalo,United States
Lichuan,China
Daye,China
Fort Worth,United States
Hengzhou,China
Campo Grande,Brazil
Zhuanghe,China
Hartford,United States
Ad Dammam,Saudi Arabia
Lhasa,China
Jiaozhou,China
Taguig City,Philippines
Merida,Mexico
Yangchun,China
Bucheon,South Korea
Dengtalu,China
Antipolo,Philippines
Hubli,India
Abeokuta,Nigeria
Cancun,Mexico
Tucson,United States
Krasnodar,Russia
Natal,Brazil
Chihuahua,Mexico
Klang,Malaysia
Ar Ramadi,Iraq
Laiyang,China
Sale,Morocco
Jalandhar,India
Kaifeng Chengguanzhen,China
Ikeja,Nigeria
Malang,Indonesia
Marseille,France
Saltillo,Mexico
Gaomi,China
Ipoh,Malaysia
Hai'an,China
Oran,Algeria
Hermosillo,Mexico
Weichanglu,China
Shache,China
Leping,China
Hailun,China
Macheng,China
Akure,Nigeria
Ilorin,Nigeria
Teresina,Brazil
Yuci,China
Omaha,United States
Saratov,Russia
Erbil,Iraq
Iguacu,Brazil
El Paso,United States
Pasig City,Philippines
Denpasar,Indonesia
Dehui,China
Bhubaneshwar,India
Tongchuan,China
Cheongju,South Korea
Warri,Nigeria
Sakai,Japan
Rongjiawan,China
Butterworth,Malaysia
Renqiu,China
Honolulu,United States
Xindi,China
Wu'an,China
Sao Bernardo do Campo,Brazil
Gaoyou,China
Culiacan,Mexico
Hejian,China
Yiyang,China
Puxi,China
Zijinglu,China
Joao Pessoa,Brazil
McAllen,United States
Queretaro,Mexico
Abaete,Brazil
Palermo,Colombia
Qingping,China
Valencia,Spain
Niigata,Japan
Leeds,United Kingdom
Moradabad,India
Hamamatsu,Japan
Xiangxiang,China
Chaohucun,China
Fuyang,China
Lubango,Angola
San Luis Potosi,Mexico
Cencheng,China
Dali,China
Hempstead,United States
Frankfurt,Germany
Songzi,China
Laixi,China
Bahawalpur,Pakistan
Zhongba,China
Kaduna,Nigeria
Qingnian,China
Albuquerque,United States
Xinhualu,China
Nerima,Japan
Guangshui,China
Tlajomulco de Zuniga,Mexico
Samarinda,Indonesia
Pietermaritzburg,South Africa
Kolhapur,India
Sizhan,China
Cucuta,Colombia
Licheng,China
Ota-ku,Japan
Thiruvananthapuram,India
Tyumen,Russia
Zaporizhzhia,Ukraine
Chengguan,China
Kumamoto,Japan
Nehe,China
Birmingham,United States
Zunhua,China
Valenzuela,Philippines
Orumiyeh,Iran
Wugang,China
Osogbo,Nigeria
Shuangqiao,China
Comodoro Rivadavia,Argentina
Cagayan de Oro,Philippines
Langzhong,China
Qian'an,China
Lviv,Ukraine
Zouping,China
An Najaf,Iraq
Sagamihara,Japan
Sarasota,United States
Mississauga,Canada
Okayama,Japan
Anlu,China
Dayton,United States
Changsha,China
Torreon,Mexico
Shihezi,China
George Town,Malaysia
Enugu,Nigeria
Soledad,Colombia
Jaboatao,Brazil
Yanggok,South Korea
Yatou,China
Santo Andre,Brazil
Xichang,China
Bhiwandi,India
City of Paranaque,Philippines
Dasmarinas,Philippines
Chengxiang,China
Saharanpur,India
Warangal,India
Edogawa,Japan
Osasco,Brazil
Dashiqiao,China
Rochester,United States
Fresno,United States
Banjarmasin,Indonesia
Salem,India
General Santos,Philippines
Bacoor,Philippines
Shishi,China
Guadalupe,Mexico
Adachi,Japan
Qianxi,China
Tolyatti,Russia
Bauchi,Nigeria
Hamilton,Canada
Miluo Chengguanzhen,China
Gaizhou,China
Malegaon,India
Karbala',Iraq
Leling,China
Sao Jose dos Campos,Brazil
Sevilla,Spain
Jianshe,China
Shizuoka,Japan
Jingcheng,China
Kochi,India
Allentown,United States
Tasikmalaya,Indonesia
Rasht,Iran
Xinmin,China
Zhongshu,China
Xigaze,China
Gorakhpur,India
As Sulaymaniyah,Iraq
Zaragoza,Spain
Acapulco de Juarez,Mexico
Bahar,Iran
Guankou,China
Tulsa,United States
Tlaquepaque,Mexico
Mazatlan,Mexico
Songyang,China
Cape Coral,United States
Puyang Chengguanzhen,China
Qionghu,China
Ribeirao Preto,Brazil
Zhaodong,China
Huambo,Angola
Wenchang,China
Shulan,China
Tlalnepantla,Mexico
Sargodha,Pakistan
Al Hufuf,Saudi Arabia
Durango,Mexico
Jalingo,Nigeria
Bouake,Côte d'Ivoire
Sialkot City,Pakistan
San Jose del Monte,Philippines
Ansan,South Korea
Lingbao Chengguanzhen,China
Hwasu-dong,South Korea
Hue,Vietnam
Shimoga,India
Xiping,China
Sanhe,China
Guntur,India
Concord,United States
Contagem,Brazil
Tiruppur,India
Ch'onan,South Korea
Honcho,Japan
Dusseldorf,Germany
Izhevsk,Russia
Guixi,China
Sorocaba,Brazil
Petaling Jaya,Malaysia
Tengyue,China
Wuxue,China
Kikwit,Congo (Kinshasa)
Colorado Springs,United States
Qufu,China
Gaobeidian,China
Ruiming,China
Gold Coast,Australia
Xinshi,China
Ta`izz,Yemen
Aracaju,Brazil
Cochabamba,Bolivia
Jeonju,South Korea
Jin'e,China
Barnaul,Russia
Makati City,Philippines
Stuttgart,Germany
Changping,China
Kryvyi Rih,Ukraine
Raurkela,India
Halwan,Egypt
Charleston,United States
Chimalhuacan,Mexico
Xinxing,China
Suohe,China
Mangalore,India
Zhuangyuan,China
Glasgow,United Kingdom
Ulyanovsk,Russia
Irkutsk,Russia
Nanded,India
Jos,Nigeria
Pontianak,Indonesia
Bazhou,China
Springfield,United States
Turpan,China
Las Pinas City,Philippines
Meihekou,China
Jurong,China
Feira de Santana,Brazil
Khabarovsk,Russia
Xinji,China
Serang,Indonesia
Kandahar,Afghanistan
Sanya,China
San Miguel de Tucuman,Argentina
Yaroslavl,Russia
Zhangshu,China
Bagcilar,Turkey
Grand Rapids,United States
Vladivostok,Russia
Kuantan,Malaysia
Cuttack,India
Jambi,Indonesia
Cimahi,Indonesia
Bacolod,Philippines
Zhuozhou,China
Uberlandia,Brazil
Tianchang,China
Kawaguchi,Japan
Itabashi,Japan
Suginami-ku,Japan
Tuxtla,Mexico
Tumkur,India
Leipzig,Germany
Balikpapan,Indonesia
Qamdo,China
Durban,South Africa
Chanda,India
Kagoshima,Japan
Al Hillah,Saudi Arabia
Makhachkala,Russia
Sihui,China
Mar del Plata,Argentina
Irapuato,Mexico
Brampton,Canada
Luocheng,China
Pereira,Colombia
Mission Viejo,United States
Dortmund,Germany
Reynosa,Mexico
Chuxiong,China
Zahedan,Iran
